Accession	Residue	PTM	src_uniprot_curated	src_uniprot_large_scale	src_dbptm	src_iptmnet	src_phosphosite	src_glygen	src_literature_mining
O15514	S18	Phosphorylation	0	0	0	1	1	0	0
O15514	T28	Phosphorylation	0	0	1	0	0	0	0
O15514	S35	Phosphorylation	0	0	1	0	0	0	0
O15514	K45	Ubiquitination	0	1	0	0	0	0	0
O15514	Y67	Phosphorylation	0	0	1	1	1	0	0
O15514	S72	Phosphorylation	0	0	1	0	0	0	0
O15514	K91	Ubiquitination	0	1	1	0	0	0	0
O15514	K94	Acetylation	0	0	1	0	0	0	0
O15514	K112	Ubiquitination	0	1	1	1	1	0	0
O15514	K137	Ubiquitination	0	1	1	1	1	0	0
P19387	Y3	Phosphorylation	0	0	1	0	0	0	0
P19387	T8	Phosphorylation	0	0	1	0	0	0	0
P19387	T12	Phosphorylation	0	0	1	1	1	0	0
P19387	T15	Phosphorylation	0	0	1	0	0	0	0
P19387	K20	SUMOylation	0	1	0	0	0	0	0
P19387	K20	Ubiquitination	0	1	1	1	1	0	0
P19387	T26	Phosphorylation	0	0	1	0	0	0	0
P19387	S33	Phosphorylation	0	0	1	0	0	0	0
P19387	K81	SUMOylation	0	1	0	0	0	0	0
P19387	K81	Ubiquitination	0	1	1	1	1	0	0
P19387	S122	Phosphorylation	0	0	1	0	0	0	0
P19387	S124	Phosphorylation	1	0	1	1	1	1	0
P19387	Y142	Phosphorylation	0	0	1	1	1	0	0
P19387	K152	Ubiquitination	0	1	0	1	1	0	0
P19387	K171	SUMOylation	0	1	0	0	0	0	0
P19387	K175	SUMOylation	0	1	0	1	1	0	0
P19387	K175	Ubiquitination	0	1	1	1	1	0	0
P19387	K199	SUMOylation	0	1	0	1	1	0	0
P19387	K199	Ubiquitination	0	1	0	1	1	0	0
P19387	K205	SUMOylation	0	1	0	1	1	0	0
P19387	K205	Ubiquitination	0	1	1	1	1	0	0
P19387	S206	Phosphorylation	0	0	0	1	1	0	0
P19387	Y208	Phosphorylation	0	0	1	1	1	0	0
P19387	S209	Phosphorylation	0	0	1	1	1	0	0
P19387	S216	Phosphorylation	0	0	0	1	1	0	0
P19387	Y220	Phosphorylation	0	0	0	1	1	0	0
P19387	K225	Acetylation	0	0	1	0	0	0	0
P19387	K225	SUMOylation	0	1	0	0	0	0	0
P19387	K225	Ubiquitination	0	1	1	1	1	0	0
P19387	S235	Phosphorylation	0	0	0	1	1	0	0
P19387	K253	Ubiquitination	0	1	0	1	1	0	0
P19387	K254	Ubiquitination	0	1	0	0	0	0	0
P19387	K255	SUMOylation	0	1	0	0	0	0	0
P19387	K255	Ubiquitination	0	1	1	1	1	0	0
P19387	S257	Phosphorylation	1	0	1	1	1	1	0
P19387	T261	Phosphorylation	0	0	1	0	0	0	0
P19387	S264	Phosphorylation	0	0	1	0	0	0	0
P19388	M1	Acetylation	1	0	1	1	0	0	0
P19388	T7	Phosphorylation	0	1	0	0	0	0	0
P19388	Y8	Phosphorylation	0	1	1	0	0	0	0
P19388	R9	Methylation	0	0	1	1	1	0	0
P19388	K15	Ubiquitination	0	1	0	1	1	0	0
P19388	T29	Phosphorylation	0	0	0	1	1	0	0
P19388	T56	Phosphorylation	0	0	1	1	1	1	0
P19388	T59	Phosphorylation	0	0	1	1	1	1	0
P19388	K81	SUMOylation	0	1	1	0	0	0	0
P19388	K81	Ubiquitination	0	0	0	1	1	0	0
P19388	K85	Ubiquitination	0	1	0	1	1	0	0
P19388	K88	Acetylation	0	0	1	0	0	0	0
P19388	K88	Ubiquitination	0	1	1	1	1	0	0
P19388	Y90	Phosphorylation	0	0	1	0	0	0	0
P19388	M110	Sulfoxidation	0	0	1	0	0	0	0
P19388	T111	Phosphorylation	0	1	1	1	1	0	0
P19388	S113	Phosphorylation	0	0	1	0	0	0	0
P19388	K115	SUMOylation	0	1	0	0	0	0	0
P19388	K115	Ubiquitination	0	1	1	1	1	0	0
P19388	K153	SUMOylation	0	1	0	0	0	0	0
P19388	K153	Ubiquitination	0	1	0	0	0	0	0
P19388	T157	Phosphorylation	0	0	1	0	0	0	0
P19388	K186	Ubiquitination	0	0	0	1	1	0	0
P19388	K192	Acetylation	0	0	1	0	0	0	0
P19388	K192	SUMOylation	0	1	0	0	0	0	0
P19388	K192	Ubiquitination	0	1	1	1	1	0	0
P19388	S197	Phosphorylation	0	0	1	0	0	0	0
P19388	T199	Phosphorylation	0	0	1	0	0	0	0
P24928	M1	Acetylation	1	0	1	1	0	0	0
P24928	S8	Phosphorylation	0	1	1	1	1	0	0
P24928	S27	Phosphorylation	1	1	1	1	1	1	0
P24928	K32	SUMOylation	0	1	0	0	0	0	0
P24928	K32	Ubiquitination	0	1	1	1	1	0	0
P24928	S35	Phosphorylation	0	0	1	1	1	0	0
P24928	T37	Phosphorylation	0	0	1	1	1	0	0
P24928	K42	Acetylation	0	0	1	0	0	0	0
P24928	K42	SUMOylation	0	1	0	0	0	0	0
P24928	K42	Ubiquitination	0	1	1	1	1	0	0
P24928	T46	Phosphorylation	0	0	0	1	1	0	0
P24928	T47	Phosphorylation	0	0	1	1	1	0	0
P24928	K53	Ubiquitination	0	1	0	0	0	0	0
P24928	K92	Ubiquitination	0	0	0	1	1	0	0
P24928	K116	Ubiquitination	0	0	1	1	1	0	0
P24928	S121	Phosphorylation	0	0	1	1	1	0	0
P24928	K125	Ubiquitination	0	1	1	1	1	0	0
P24928	K127	Ubiquitination	0	0	1	1	1	0	0
P24928	K132	Ubiquitination	0	1	1	0	0	0	0
P24928	K134	Acetylation	0	0	1	1	1	0	0
P24928	K139	Acetylation	0	0	1	1	1	0	0
P24928	Y145	Phosphorylation	0	0	1	1	1	1	0
P24928	K149	SUMOylation	0	1	0	0	0	0	0
P24928	K149	Ubiquitination	0	1	1	1	1	0	0
P24928	K151	SUMOylation	0	1	0	0	0	0	0
P24928	K151	Ubiquitination	0	1	1	1	1	0	0
P24928	K163	SUMOylation	0	1	0	0	0	0	0
P24928	K163	Ubiquitination	0	1	1	1	1	0	0
P24928	T176	Phosphorylation	0	0	1	1	1	0	0
P24928	K177	Acetylation	0	0	1	0	0	0	0
P24928	K177	Ubiquitination	0	1	1	1	1	0	0
P24928	K179	Ubiquitination	0	1	1	1	1	0	0
P24928	Y199	Phosphorylation	0	0	1	0	0	0	0
P24928	K203	Ubiquitination	0	1	0	1	1	0	0
P24928	S209	Phosphorylation	0	0	1	0	0	0	0
P24928	K212	Ubiquitination	0	1	0	0	0	0	0
P24928	K213	SUMOylation	0	1	0	1	1	0	0
P24928	K213	Ubiquitination	0	1	1	1	1	0	0
P24928	S217	Phosphorylation	1	1	1	1	1	1	0
P24928	K226	Ubiquitination	0	1	1	1	1	0	0
P24928	C233	Glutathionylation	0	0	1	0	0	0	0
P24928	C233	Methylation	0	0	0	1	0	0	0
P24928	S269	Phosphorylation	0	0	1	1	1	0	0
P24928	K279	SUMOylation	0	1	0	0	0	0	0
P24928	K279	Ubiquitination	0	1	1	1	1	0	0
P24928	K285	Acetylation	0	0	1	1	1	0	0
P24928	K285	SUMOylation	0	1	0	0	0	0	0
P24928	K285	Ubiquitination	0	1	1	1	1	0	0
P24928	K308	SUMOylation	0	1	0	0	0	0	0
P24928	K331	Ubiquitination	0	1	1	1	1	0	0
P24928	K337	Ubiquitination	0	1	1	0	0	0	0
P24928	K340	Ubiquitination	0	0	1	0	0	0	0
P24928	K357	Acetylation	0	0	1	0	0	0	0
P24928	K357	Ubiquitination	0	1	0	0	0	0	0
P24928	T368	Phosphorylation	0	0	0	1	1	0	0
P24928	S374	Phosphorylation	0	0	1	0	0	0	0
P24928	K417	Ubiquitination	0	1	1	1	1	0	0
P24928	R426	Methylation	0	0	1	1	1	0	0
P24928	K434	Ubiquitination	0	1	1	1	1	0	0
P24928	K445	SUMOylation	0	1	0	0	0	0	0
P24928	K445	Ubiquitination	0	1	1	1	1	0	0
P24928	C451	Glutathionylation	0	0	1	0	0	0	0
P24928	K466	SUMOylation	0	1	0	0	0	0	0
P24928	K466	Ubiquitination	0	1	0	1	1	0	0
P24928	T481	Phosphorylation	0	0	1	0	0	0	0
P24928	M520	Sulfoxidation	0	0	1	0	0	0	0
P24928	S530	Phosphorylation	0	0	0	1	1	0	0
P24928	T543	Phosphorylation	0	0	0	1	1	0	0
P24928	T549	Phosphorylation	0	0	0	1	1	0	0
P24928	K581	SUMOylation	0	1	0	0	0	0	0
P24928	K581	Ubiquitination	0	1	1	1	1	0	0
P24928	T587	Phosphorylation	0	0	0	1	1	0	0
P24928	S607	Phosphorylation	0	0	1	1	1	0	0
P24928	T608	Phosphorylation	0	0	0	1	1	0	0
P24928	Y618	Phosphorylation	0	0	1	1	1	0	0
P24928	K619	Acetylation	0	0	1	0	0	0	0
P24928	K619	SUMOylation	0	1	0	0	0	0	0
P24928	K619	Ubiquitination	0	1	1	1	1	0	0
P24928	K627	SUMOylation	0	1	0	0	0	0	0
P24928	K627	Ubiquitination	0	1	1	0	0	0	0
P24928	K642	Acetylation	0	0	1	0	0	0	0
P24928	K642	Ubiquitination	0	1	1	1	1	0	0
P24928	K643	Ubiquitination	0	1	1	1	1	0	0
P24928	K697	Ubiquitination	0	0	0	1	1	0	0
P24928	T698	Phosphorylation	0	0	0	1	1	0	0
P24928	Y699	Phosphorylation	0	0	1	1	1	0	0
P24928	K707	SUMOylation	0	1	0	1	1	0	0
P24928	K707	Ubiquitination	0	1	1	1	1	0	0
P24928	K708	Methylation	0	0	0	1	1	0	0
P24928	K708	Ubiquitination	0	1	1	0	0	0	0
P24928	K710	Acetylation	0	0	1	1	1	0	0
P24928	K710	SUMOylation	0	1	0	1	1	0	0
P24928	K710	Ubiquitination	0	1	1	1	1	0	0
P24928	K719	Ubiquitination	0	1	1	1	1	0	0
P24928	T732	Phosphorylation	0	0	0	1	1	0	0
P24928	T736	Phosphorylation	0	0	1	1	1	1	0
P24928	K751	Ubiquitination	0	1	1	1	1	0	0
P24928	K758	Ubiquitination	0	1	1	1	1	0	0
P24928	S759	Phosphorylation	0	0	1	0	0	0	0
P24928	S761	Phosphorylation	0	0	1	0	0	0	0
P24928	Y763	Phosphorylation	0	0	1	1	1	0	0
P24928	K767	Methylation	0	0	1	1	1	0	0
P24928	K767	SUMOylation	0	1	0	0	0	0	0
P24928	K767	Ubiquitination	0	1	1	1	1	0	0
P24928	S768	Phosphorylation	0	0	0	1	1	0	0
P24928	S772	Phosphorylation	0	0	1	1	1	0	0
P24928	K775	Ubiquitination	0	1	1	1	1	0	0
P24928	S777	Phosphorylation	0	0	1	1	1	0	0
P24928	K778	SUMOylation	0	1	0	0	0	0	0
P24928	K778	Ubiquitination	0	1	1	1	1	0	0
P24928	K796	SUMOylation	0	1	0	0	0	0	0
P24928	K796	Ubiquitination	0	1	1	1	1	0	0
P24928	K803	Acetylation	0	0	1	0	0	0	0
P24928	K803	Methylation	0	0	1	1	1	0	0
P24928	K803	SUMOylation	0	1	0	0	0	0	0
P24928	K803	Ubiquitination	0	1	1	1	1	0	0
P24928	K812	Acetylation	0	0	1	0	0	0	0
P24928	K812	SUMOylation	0	1	0	0	0	0	0
P24928	K812	Ubiquitination	0	1	1	1	1	0	0
P24928	K853	SUMOylation	0	1	0	0	0	0	0
P24928	K853	Ubiquitination	0	1	1	1	1	0	0
P24928	T857	Phosphorylation	0	0	1	0	0	0	0
P24928	Y859	Phosphorylation	0	0	1	0	0	0	0
P24928	K866	SUMOylation	0	1	0	0	0	0	0
P24928	K866	Ubiquitination	0	1	1	1	1	0	0
P24928	S867	Phosphorylation	0	0	1	0	0	0	0
P24928	S870	Phosphorylation	0	0	1	0	0	0	0
P24928	K874	Ubiquitination	0	1	1	1	1	0	0
P24928	Y875	Phosphorylation	0	0	1	0	0	0	0
P24928	T878	Phosphorylation	0	0	1	0	0	0	0
P24928	S882	Phosphorylation	0	0	1	0	0	0	0
P24928	K910	Acetylation	0	0	1	0	0	0	0
P24928	K910	SUMOylation	0	1	0	0	0	0	0
P24928	K910	Ubiquitination	0	1	1	1	1	0	0
P24928	K914	Ubiquitination	0	1	1	1	1	0	0
P24928	K918	Ubiquitination	0	1	1	1	1	0	0
P24928	K919	Ubiquitination	0	1	1	1	1	0	0
P24928	K940	Acetylation	0	0	1	0	0	0	0
P24928	K940	SUMOylation	0	1	0	0	0	0	0
P24928	K940	Ubiquitination	0	1	1	1	1	0	0
P24928	T972	Phosphorylation	0	0	1	0	0	0	0
P24928	S975	Phosphorylation	0	0	1	0	0	0	0
P24928	K976	SUMOylation	0	1	0	0	0	0	0
P24928	K976	Ubiquitination	0	1	1	1	1	0	0
P24928	K992	Ubiquitination	0	1	1	1	1	0	0
P24928	K1008	Acetylation	0	0	1	0	0	0	0
P24928	K1008	Ubiquitination	0	1	1	1	1	0	0
P24928	K1014	Acetylation	0	0	1	0	0	0	0
P24928	K1014	Ubiquitination	0	1	1	1	1	0	0
P24928	K1018	Ubiquitination	0	1	1	0	0	0	0
P24928	K1019	Ubiquitination	0	1	1	1	1	0	0
P24928	S1030	Phosphorylation	0	0	1	0	0	0	0
P24928	C1050	Methylation	0	0	0	1	0	0	0
P24928	Y1109	Phosphorylation	0	0	1	0	0	0	0
P24928	K1125	SUMOylation	0	1	0	0	0	0	0
P24928	K1125	Ubiquitination	0	1	1	1	1	0	0
P24928	K1132	Ubiquitination	0	1	1	1	1	0	0
P24928	K1133	Ubiquitination	0	1	1	0	0	0	0
P24928	K1135	SUMOylation	0	1	0	0	0	0	0
P24928	K1135	Ubiquitination	0	1	1	0	0	0	0
P24928	S1138	Phosphorylation	0	0	1	0	0	0	0
P24928	S1147	Phosphorylation	0	0	1	0	0	0	0
P24928	K1155	Ubiquitination	0	0	1	1	1	0	0
P24928	C1159	Methylation	0	0	0	1	0	0	0
P24928	K1219	Ubiquitination	0	1	0	0	0	0	0
P24928	K1225	SUMOylation	0	1	0	1	1	0	0
P24928	K1225	Ubiquitination	0	1	1	1	1	0	0
P24928	K1234	Ubiquitination	0	1	1	1	1	0	0
P24928	K1254	SUMOylation	0	1	0	0	0	0	0
P24928	K1254	Ubiquitination	0	1	1	1	1	0	0
P24928	K1268	SUMOylation	0	1	0	0	0	0	0
P24928	K1268	Ubiquitination	0	1	1	1	1	0	0
P24928	K1278	Ubiquitination	0	1	1	1	1	0	0
P24928	C1287	Glutathionylation	0	0	1	0	0	0	0
P24928	K1306	Ubiquitination	0	1	0	0	0	0	0
P24928	Y1308	Phosphorylation	0	0	1	0	0	0	0
P24928	K1317	Ubiquitination	0	1	1	1	1	0	0
P24928	K1318	Ubiquitination	0	1	1	0	0	0	0
P24928	K1319	Ubiquitination	0	1	1	1	1	0	0
P24928	K1329	Ubiquitination	0	1	0	0	0	0	0
P24928	S1348	Phosphorylation	0	0	1	0	0	0	0
P24928	K1350	Acetylation	0	0	1	0	0	0	0
P24928	K1350	Ubiquitination	0	1	1	1	1	0	0
P24928	Y1383	Phosphorylation	0	0	0	1	1	0	0
P24928	S1387	Phosphorylation	0	0	1	0	0	0	0
P24928	S1391	Phosphorylation	0	0	1	0	0	0	0
P24928	Y1392	Phosphorylation	0	0	1	0	0	0	0
P24928	Y1395	Phosphorylation	0	0	1	0	0	0	0
P24928	T1406	Phosphorylation	0	0	0	1	1	0	0
P24928	T1415	Phosphorylation	0	0	1	1	1	0	0
P24928	T1424	Phosphorylation	0	0	0	1	1	0	0
P24928	K1429	Ubiquitination	0	1	1	0	0	0	0
P24928	K1479	Ubiquitination	0	1	1	0	0	0	0
P24928	K1481	Ubiquitination	0	0	1	0	0	0	0
P24928	S1505	Phosphorylation	0	0	1	0	0	0	0
P24928	S1508	Phosphorylation	0	1	1	0	0	0	0
P24928	S1514	Phosphorylation	0	1	1	0	0	0	0
P24928	T1518	Phosphorylation	0	0	1	0	0	0	0
P24928	T1525	Phosphorylation	0	0	0	1	1	0	0
P24928	S1532	Phosphorylation	0	1	1	0	0	0	0
P24928	S1534	O-GlcNAcylation	0	0	1	1	0	1	0
P24928	S1534	Phosphorylation	0	0	1	0	0	0	0
P24928	T1540	Phosphorylation	0	0	0	1	1	0	0
P24928	T1568	Phosphorylation	0	0	1	0	0	0	0
P24928	S1571	Phosphorylation	0	0	1	0	0	0	0
P24928	S1574	Phosphorylation	0	0	1	0	0	0	0
P24928	S1590	Phosphorylation	0	0	1	0	0	0	0
P24928	S1592	Phosphorylation	0	0	1	0	0	0	0
P24928	S1594	Phosphorylation	0	0	1	0	0	0	0
P24928	S1597	Phosphorylation	0	0	1	0	0	0	0
P24928	R1603	Methylation	1	0	1	1	0	0	0
P24928	Y1615	Phosphorylation	0	0	0	1	1	0	0
P24928	S1616	Phosphorylation	0	0	1	1	1	1	0
P24928	P1617	cis / trans isomerization	0	0	0	0	0	0	1
P24928	T1618	O-GlcNAcylation	0	0	1	1	1	0	0
P24928	T1618	Phosphorylation	0	0	1	1	1	1	0
P24928	S1619	O-GlcNAcylation	0	0	1	1	0	1	0
P24928	S1619	Phosphorylation	0	0	1	1	1	1	0
P24928	P1620	cis / trans isomerization	0	0	0	0	0	0	1
P24928	S1621	O-GlcNAcylation	0	0	1	1	0	1	0
P24928	S1621	Phosphorylation	0	0	1	1	1	1	0
P24928	S1623	Phosphorylation	0	0	0	1	0	1	0
P24928	P1624	cis / trans isomerization	0	0	0	0	0	0	1
P24928	S1626	Phosphorylation	0	0	1	1	0	1	0
P24928	P1627	cis / trans isomerization	0	0	0	0	0	0	1
P24928	P1631	cis / trans isomerization	0	0	0	0	0	0	1
P24928	P1634	cis / trans isomerization	0	0	0	0	0	0	1
P24928	P1638	cis / trans isomerization	0	0	0	0	0	0	1
P24928	P1641	cis / trans isomerization	0	0	0	0	0	0	1
P24928	S1644	Phosphorylation	0	0	0	1	0	1	0
P24928	P1645	cis / trans isomerization	0	0	0	0	0	0	1
P24928	S1647	Phosphorylation	0	0	1	1	0	1	0
P24928	P1648	cis / trans isomerization	0	0	0	0	0	0	1
P24928	S1651	Phosphorylation	0	0	0	1	0	1	0
P24928	P1652	cis / trans isomerization	0	0	0	0	0	0	1
P24928	S1654	Phosphorylation	0	0	1	1	0	1	0
P24928	P1655	cis / trans isomerization	0	0	0	0	0	0	1
P24928	P1659	cis / trans isomerization	0	0	0	0	0	0	1
P24928	S1661	Phosphorylation	0	0	1	0	0	0	0
P24928	P1662	cis / trans isomerization	0	0	0	0	0	0	1
P24928	S1665	Phosphorylation	0	0	0	1	0	1	0
P24928	P1666	cis / trans isomerization	0	0	0	0	0	0	1
P24928	S1668	Phosphorylation	0	0	1	1	0	1	0
P24928	P1669	cis / trans isomerization	0	0	0	0	0	0	1
P24928	S1672	Phosphorylation	0	0	0	1	0	1	0
P24928	P1673	cis / trans isomerization	0	0	0	0	0	0	1
P24928	S1675	Phosphorylation	0	0	1	1	0	1	0
P24928	P1676	cis / trans isomerization	0	0	0	0	0	0	1
P24928	P1680	cis / trans isomerization	0	0	0	0	0	0	1
P24928	S1682	Phosphorylation	0	0	1	0	0	0	0
P24928	P1683	cis / trans isomerization	0	0	0	0	0	0	1
P24928	P1687	cis / trans isomerization	0	0	0	0	0	0	1
P24928	S1689	Phosphorylation	0	0	1	0	0	0	0
P24928	P1690	cis / trans isomerization	0	0	0	0	0	0	1
P24928	S1693	Phosphorylation	0	0	0	1	0	1	0
P24928	P1694	cis / trans isomerization	0	0	0	0	0	0	1
P24928	S1696	Phosphorylation	0	0	1	1	0	1	0
P24928	P1697	cis / trans isomerization	0	0	0	0	0	0	1
P24928	P1701	cis / trans isomerization	0	0	0	0	0	0	1
P24928	S1703	Phosphorylation	0	0	1	0	0	0	0
P24928	P1704	cis / trans isomerization	0	0	0	0	0	0	1
P24928	P1708	cis / trans isomerization	0	0	0	0	0	0	1
P24928	S1710	Phosphorylation	0	0	1	0	0	0	0
P24928	P1711	cis / trans isomerization	0	0	0	0	0	0	1
P24928	S1714	Phosphorylation	0	0	0	1	0	1	0
P24928	P1715	cis / trans isomerization	0	0	0	0	0	0	1
P24928	S1717	Phosphorylation	0	0	1	1	0	1	0
P24928	P1718	cis / trans isomerization	0	0	0	0	0	0	1
P24928	S1721	Phosphorylation	0	0	0	1	0	1	0
P24928	P1722	cis / trans isomerization	0	0	0	0	0	0	1
P24928	S1724	Phosphorylation	0	0	1	1	0	1	0
P24928	P1725	cis / trans isomerization	0	0	0	0	0	0	1
P24928	P1729	cis / trans isomerization	0	0	0	0	0	0	1
P24928	S1731	Phosphorylation	0	0	1	0	0	0	0
P24928	P1732	cis / trans isomerization	0	0	0	0	0	0	1
P24928	S1735	Phosphorylation	0	0	0	1	0	1	0
P24928	P1736	cis / trans isomerization	0	0	0	0	0	0	1
P24928	S1738	Phosphorylation	0	0	1	1	0	1	0
P24928	P1739	cis / trans isomerization	0	0	0	0	0	0	1
P24928	P1743	cis / trans isomerization	0	0	0	0	0	0	1
P24928	P1746	cis / trans isomerization	0	0	0	0	0	0	1
P24928	P1750	cis / trans isomerization	0	0	0	0	0	0	1
P24928	P1753	cis / trans isomerization	0	0	0	0	0	0	1
P24928	S1763	Phosphorylation	0	0	0	1	0	1	0
P24928	P1764	cis / trans isomerization	0	0	0	0	0	0	1
P24928	S1766	Phosphorylation	0	0	1	1	0	1	0
P24928	P1767	cis / trans isomerization	0	0	0	0	0	0	1
P24928	P1771	cis / trans isomerization	0	0	0	0	0	0	1
P24928	P1774	cis / trans isomerization	0	0	0	0	0	0	1
P24928	S1784	Phosphorylation	0	0	0	1	0	1	0
P24928	P1785	cis / trans isomerization	0	0	0	0	0	0	1
P24928	S1787	Phosphorylation	0	0	0	1	0	1	0
P24928	P1788	cis / trans isomerization	0	0	0	0	0	0	1
P24928	S1791	Phosphorylation	0	0	0	1	0	1	0
P24928	P1792	cis / trans isomerization	0	0	0	0	0	0	1
P24928	S1794	Phosphorylation	0	0	1	1	0	1	0
P24928	P1795	cis / trans isomerization	0	0	0	0	0	0	1
P24928	S1796	Phosphorylation	0	0	0	1	0	1	0
P24928	P1799	cis / trans isomerization	0	0	0	0	0	0	1
P24928	P1802	cis / trans isomerization	0	0	0	0	0	0	1
P24928	R1810	Asymmetric dimethylation	1	0	0	0	0	0	0
P24928	R1810	Citrullination	0	0	0	0	0	0	1
P24928	R1810	Dimethylation	0	0	0	0	1	0	0
P24928	R1810	Methylation	0	0	1	1	0	0	0
P24928	R1810	Symmetric dimethylation	1	0	0	0	0	0	0
P24928	Y1811	Phosphorylation	0	0	0	1	1	0	0
P24928	T1812	Phosphorylation	0	0	1	1	1	0	0
P24928	S1815	Phosphorylation	0	0	1	1	1	0	0
P24928	T1817	Phosphorylation	0	0	1	0	0	0	0
P24928	Y1818	Phosphorylation	0	0	1	1	1	0	0
P24928	T1819	Phosphorylation	0	0	1	1	1	0	0
P24928	S1821	Phosphorylation	0	0	1	1	1	0	0
P24928	S1822	O-GlcNAcylation	0	0	0	1	0	1	0
P24928	S1822	Phosphorylation	0	0	1	1	1	0	0
P24928	S1824	Phosphorylation	0	0	1	1	1	0	0
P24928	Y1825	Phosphorylation	0	0	1	1	1	0	0
P24928	S1826	Phosphorylation	0	0	0	1	1	0	0
P24928	P1827	cis / trans isomerization	0	0	0	0	0	0	1
P24928	S1828	Phosphorylation	0	0	0	1	1	0	0
P24928	S1829	O-GlcNAcylation	0	0	0	0	0	0	1
P24928	S1829	Phosphorylation	0	0	1	1	1	0	0
P24928	S1831	Phosphorylation	0	0	1	1	1	0	0
P24928	Y1832	Phosphorylation	0	0	0	1	1	0	0
P24928	S1833	Phosphorylation	0	0	1	1	1	0	0
P24928	S1836	Phosphorylation	0	0	1	1	1	1	0
P24928	K1838	Acetylation	0	0	0	1	1	0	0
P24928	K1838	Dimethylation	1	0	0	0	0	0	0
P24928	K1838	Methylation	1	0	0	0	0	0	0
P24928	Y1839	Phosphorylation	0	0	1	1	1	1	0
P24928	T1840	Phosphorylation	1	1	1	1	1	1	0
P24928	T1842	Phosphorylation	0	0	1	1	1	1	0
P24928	S1843	Phosphorylation	1	1	1	1	1	1	0
P24928	S1845	Phosphorylation	1	1	1	1	1	1	0
P24928	Y1846	Phosphorylation	0	1	1	1	1	1	0
P24928	S1847	O-GlcNAcylation	0	0	0	1	0	1	0
P24928	S1847	Phosphorylation	1	1	1	1	1	1	0
P24928	S1849	Phosphorylation	1	1	1	1	1	1	0
P24928	S1850	Phosphorylation	1	1	1	1	1	1	0
P24928	Y1853	Phosphorylation	0	1	1	1	1	1	0
P24928	T1854	Phosphorylation	1	1	1	1	1	1	0
P24928	T1856	Phosphorylation	0	1	1	1	1	1	0
P24928	S1857	Phosphorylation	1	1	1	1	1	1	0
P24928	K1859	Acetylation	0	0	1	1	1	0	0
P24928	K1859	Dimethylation	1	0	0	0	0	0	0
P24928	K1859	Methylation	1	0	1	1	0	0	0
P24928	Y1860	Phosphorylation	1	0	1	1	1	1	0
P24928	S1861	Phosphorylation	1	1	1	1	1	1	0
P24928	T1863	Phosphorylation	1	1	1	1	1	1	0
P24928	S1864	Phosphorylation	1	1	1	1	1	1	0
P24928	K1866	Acetylation	1	1	1	1	1	0	0
P24928	K1866	Dimethylation	1	0	0	0	0	0	0
P24928	K1866	Methylation	1	0	1	1	0	0	0
P24928	K1866	SUMOylation	0	1	0	0	0	0	0
P24928	K1866	Trimethylation	1	0	0	0	0	0	0
P24928	K1866	Ubiquitination	0	1	0	0	0	0	0
P24928	Y1867	Phosphorylation	1	0	1	1	1	1	0
P24928	S1868	Phosphorylation	1	1	1	1	1	1	0
P24928	T1870	Phosphorylation	1	1	1	1	1	1	0
P24928	S1871	Phosphorylation	0	1	1	1	1	1	0
P24928	K1873	Acetylation	0	1	1	0	0	0	0
P24928	K1873	Dimethylation	1	0	0	0	0	0	0
P24928	K1873	Methylation	1	0	1	1	0	0	0
P24928	K1873	SUMOylation	0	1	0	0	0	0	0
P24928	K1873	Trimethylation	1	0	0	0	0	0	0
P24928	K1873	Ubiquitination	0	1	0	0	0	0	0
P24928	Y1874	Phosphorylation	1	1	1	1	1	1	0
P24928	S1875	Phosphorylation	1	1	1	1	1	1	0
P24928	T1877	Phosphorylation	1	1	1	1	1	1	0
P24928	S1878	Phosphorylation	1	1	1	1	1	1	0
P24928	T1880	Phosphorylation	0	1	1	1	1	0	0
P24928	Y1881	Phosphorylation	1	0	1	1	1	1	0
P24928	S1882	Phosphorylation	1	1	1	1	1	1	0
P24928	T1884	Phosphorylation	0	1	1	1	1	1	0
P24928	T1885	Phosphorylation	1	1	1	1	1	1	0
P24928	K1887	Acetylation	1	0	1	1	0	0	0
P24928	K1887	Dimethylation	1	0	0	0	0	0	0
P24928	K1887	Methylation	1	0	1	1	0	0	0
P24928	Y1888	Phosphorylation	0	0	1	1	1	1	0
P24928	S1889	O-GlcNAcylation	0	0	0	1	0	1	0
P24928	S1889	Phosphorylation	0	1	1	1	1	1	0
P24928	T1891	Phosphorylation	0	1	1	1	1	1	0
P24928	S1892	O-GlcNAcylation	0	0	0	1	0	1	0
P24928	S1892	Phosphorylation	0	1	1	1	1	1	0
P24928	T1894	O-GlcNAcylation	0	0	0	1	0	1	0
P24928	T1894	Phosphorylation	1	1	1	1	1	1	0
P24928	Y1895	Phosphorylation	0	1	1	1	1	1	0
P24928	S1896	O-GlcNAcylation	0	0	0	0	0	0	1
P24928	S1896	Phosphorylation	1	1	1	1	1	1	0
P24928	T1898	O-GlcNAcylation	0	0	0	1	0	1	0
P24928	T1898	Phosphorylation	0	1	1	1	1	1	0
P24928	S1899	Phosphorylation	1	1	1	1	1	1	0
P24928	Y1902	Phosphorylation	0	1	1	1	1	1	0
P24928	T1903	Phosphorylation	0	1	1	1	1	1	0
P24928	T1905	Phosphorylation	0	1	1	1	1	1	0
P24928	S1906	Phosphorylation	1	1	1	1	1	1	0
P24928	K1908	Acetylation	0	0	1	0	0	0	0
P24928	K1908	Dimethylation	1	0	0	0	0	0	0
P24928	Y1909	Phosphorylation	1	0	1	1	1	1	0
P24928	S1910	Phosphorylation	0	1	1	1	1	1	0
P24928	T1912	Phosphorylation	1	1	1	1	1	1	0
P24928	S1913	Phosphorylation	1	1	1	1	1	1	0
P24928	T1915	Phosphorylation	1	1	1	1	1	1	0
P24928	Y1916	Phosphorylation	1	0	1	1	1	1	0
P24928	S1917	Phosphorylation	1	1	1	1	1	1	0
P24928	T1919	Phosphorylation	1	1	1	1	1	1	0
P24928	S1920	Phosphorylation	1	1	1	1	1	1	0
P24928	K1922	Acetylation	1	1	1	1	0	0	0
P24928	K1922	Dimethylation	1	0	0	0	0	0	0
P24928	K1922	Methylation	1	0	1	1	0	0	0
P24928	Y1923	Phosphorylation	1	0	1	1	1	1	0
P24928	S1924	Phosphorylation	0	1	1	1	1	1	0
P24928	T1926	Phosphorylation	1	1	1	1	1	1	0
P24928	S1927	Phosphorylation	1	1	1	1	1	1	0
P24928	T1929	Phosphorylation	1	1	1	1	1	1	0
P24928	Y1930	Phosphorylation	1	0	1	1	1	1	0
P24928	S1931	Phosphorylation	1	1	1	1	1	1	0
P24928	T1933	Phosphorylation	1	1	1	1	1	1	0
P24928	S1934	Phosphorylation	1	1	1	1	1	1	0
P24928	K1936	Acetylation	1	0	1	1	0	0	0
P24928	K1936	Dimethylation	1	0	0	0	0	0	0
P24928	K1936	Methylation	1	0	1	1	0	0	0
P24928	S1938	Phosphorylation	0	0	1	0	0	0	0
P24928	T1939	Phosphorylation	0	0	1	0	0	0	0
P24928	Y1940	Phosphorylation	0	0	1	0	0	0	0
P24928	S1941	Phosphorylation	0	0	1	1	1	1	0
P24928	T1943	Phosphorylation	0	0	1	0	0	0	0
P24928	S1944	Phosphorylation	0	1	1	1	0	1	0
P24928	Y1947	Phosphorylation	0	0	1	0	0	0	0
P24928	S1948	Phosphorylation	0	0	1	1	0	1	0
P24928	T1950	Phosphorylation	0	0	1	0	0	0	0
P24928	S1951	Phosphorylation	0	0	1	1	1	1	0
P24928	T1953	Phosphorylation	0	0	1	0	0	0	0
P24928	Y1954	Phosphorylation	0	0	1	0	0	0	0
P24928	S1955	Phosphorylation	0	0	1	0	0	0	0
P24928	T1957	Phosphorylation	0	0	1	0	0	0	0
P24928	S1958	Phosphorylation	0	0	1	0	0	0	0
P24928	S1962	Phosphorylation	0	1	1	1	1	1	0
P24928	S1966	Phosphorylation	0	1	1	1	1	1	0
P30876	K37	Ubiquitination	0	0	0	1	1	0	0
P30876	S75	Phosphorylation	0	1	1	1	1	0	0
P30876	K87	SUMOylation	0	1	0	0	0	0	0
P30876	K87	Ubiquitination	0	1	1	1	1	0	0
P30876	Y92	Phosphorylation	0	0	1	0	0	0	0
P30876	S94	Phosphorylation	0	0	1	0	0	0	0
P30876	K95	Acetylation	0	0	1	0	0	0	0
P30876	K95	Ubiquitination	0	1	1	1	1	0	0
P30876	T97	Phosphorylation	0	0	1	0	0	0	0
P30876	S106	Phosphorylation	0	1	1	1	1	0	0
P30876	T119	Phosphorylation	0	0	1	0	0	0	0
P30876	Y120	Phosphorylation	0	0	1	0	0	0	0
P30876	S121	Phosphorylation	0	0	1	0	0	0	0
P30876	Y125	Phosphorylation	0	0	1	1	1	0	0
P30876	K130	Ubiquitination	0	1	1	1	1	0	0
P30876	K134	Acetylation	0	0	1	0	0	0	0
P30876	K134	SUMOylation	0	1	0	0	0	0	0
P30876	K134	Ubiquitination	0	1	1	1	1	0	0
P30876	K146	Ubiquitination	0	1	1	1	1	0	0
P30876	T147	Phosphorylation	0	0	1	1	1	0	0
P30876	K151	Acetylation	0	0	1	0	0	0	0
P30876	K151	SUMOylation	0	1	0	0	0	0	0
P30876	K151	Ubiquitination	0	1	1	1	1	0	0
P30876	C172	Methylation	0	0	0	1	0	0	0
P30876	K192	Ubiquitination	0	1	0	0	0	0	0
P30876	K199	SUMOylation	0	1	0	0	0	0	0
P30876	K199	Ubiquitination	0	1	1	1	1	0	0
P30876	T202	Phosphorylation	0	0	1	0	0	0	0
P30876	T204	Phosphorylation	0	0	1	0	0	0	0
P30876	Y206	Phosphorylation	0	0	1	0	0	0	0
P30876	K210	Ubiquitination	0	1	1	1	1	0	0
P30876	K211	Ubiquitination	0	1	0	1	1	0	0
P30876	S213	Phosphorylation	0	0	1	1	0	1	0
P30876	K214	Ubiquitination	0	1	0	1	1	0	0
P30876	Y215	Phosphorylation	0	0	1	1	1	0	0
P30876	Y217	Phosphorylation	0	0	1	1	1	0	0
P30876	T218	Phosphorylation	0	0	1	1	1	1	0
P30876	C221	Methylation	0	0	0	1	0	0	0
P30876	S228	Phosphorylation	0	0	1	0	0	0	0
P30876	S233	Phosphorylation	0	0	1	0	0	0	0
P30876	T234	Phosphorylation	0	0	1	0	0	0	0
P30876	K248	Ubiquitination	0	1	1	1	1	0	0
P30876	K249	Ubiquitination	0	1	1	1	1	0	0
P30876	K264	SUMOylation	0	1	0	0	0	0	0
P30876	K264	Ubiquitination	0	1	1	1	1	0	0
P30876	K327	Ubiquitination	0	1	0	0	0	0	0
P30876	K332	Ubiquitination	0	1	0	0	0	0	0
P30876	K337	Ubiquitination	0	0	0	1	1	0	0
P30876	K340	Ubiquitination	0	1	1	1	1	0	0
P30876	K345	Ubiquitination	0	1	0	1	1	0	0
P30876	S354	Phosphorylation	0	0	0	1	1	0	0
P30876	T359	Phosphorylation	0	0	0	1	1	0	0
P30876	K360	Acetylation	0	0	1	0	0	0	0
P30876	K360	Ubiquitination	0	1	0	1	1	0	0
P30876	K361	Ubiquitination	0	0	0	1	1	0	0
P30876	K391	Ubiquitination	0	1	1	1	1	0	0
P30876	K409	Ubiquitination	0	1	0	0	0	0	0
P30876	K413	Ubiquitination	0	0	1	1	1	0	0
P30876	K421	Ubiquitination	0	1	1	1	1	0	0
P30876	K427	Ubiquitination	0	1	1	1	1	0	0
P30876	K436	Ubiquitination	0	1	1	1	1	0	0
P30876	T437	Phosphorylation	0	0	0	1	1	0	0
P30876	S441	Phosphorylation	0	0	1	0	0	0	0
P30876	K445	Methylation	0	0	1	1	1	0	0
P30876	K445	Ubiquitination	0	1	1	1	1	0	0
P30876	K457	Ubiquitination	0	1	1	1	1	0	0
P30876	K458	Acetylation	0	0	1	1	1	0	0
P30876	K458	Ubiquitination	0	0	0	1	1	0	0
P30876	S467	Phosphorylation	0	0	1	1	1	0	0
P30876	S487	Phosphorylation	0	1	1	1	1	0	0
P30876	K494	Ubiquitination	0	1	0	1	1	0	0
P30876	K497	Ubiquitination	0	1	0	1	1	0	0
P30876	K578	Acetylation	0	0	1	0	0	0	0
P30876	K578	Ubiquitination	0	1	0	1	1	0	0
P30876	T586	Phosphorylation	0	0	1	1	1	0	0
P30876	C622	Methylation	0	0	0	1	0	0	0
P30876	K630	Ubiquitination	0	1	1	1	1	0	0
P30876	K632	Ubiquitination	0	0	0	1	1	0	0
P30876	K637	Ubiquitination	0	1	0	1	1	0	0
P30876	K644	SUMOylation	0	1	0	0	0	0	0
P30876	K644	Ubiquitination	0	1	1	1	1	0	0
P30876	Y689	Phosphorylation	0	0	1	1	1	0	0
P30876	C696	Methylation	0	0	0	1	0	0	0
P30876	Y724	Phosphorylation	0	0	0	1	1	0	0
P30876	K730	Methylation	0	0	1	1	1	0	0
P30876	K730	Ubiquitination	0	1	1	1	1	0	0
P30876	Y736	Phosphorylation	0	0	0	1	1	0	0
P30876	T746	Phosphorylation	0	0	1	0	0	0	0
P30876	Y752	Phosphorylation	0	0	1	1	1	0	0
P30876	Y753	Phosphorylation	0	0	1	0	0	0	0
P30876	K756	Ubiquitination	0	1	1	1	1	0	0
P30876	T760	Phosphorylation	0	0	1	0	0	0	0
P30876	T761	Phosphorylation	0	0	1	0	0	0	0
P30876	S763	Phosphorylation	0	0	1	1	1	0	0
P30876	R803	Methylation	0	0	1	1	1	0	0
P30876	K815	Acetylation	0	0	1	1	1	0	0
P30876	K815	SUMOylation	0	1	0	0	0	0	0
P30876	K815	Ubiquitination	0	1	1	1	1	0	0
P30876	K820	Acetylation	0	0	1	1	1	0	0
P30876	K821	Ubiquitination	0	1	1	1	1	0	0
P30876	K831	Acetylation	0	0	1	0	0	0	0
P30876	K831	SUMOylation	0	1	0	0	0	0	0
P30876	K831	Ubiquitination	0	1	1	1	1	0	0
P30876	Y845	Phosphorylation	0	0	1	1	1	0	0
P30876	K847	Acetylation	0	0	1	0	0	0	0
P30876	K847	SUMOylation	0	1	0	0	0	0	0
P30876	K847	Ubiquitination	0	1	1	1	1	0	0
P30876	K869	SUMOylation	0	1	0	0	0	0	0
P30876	K869	Ubiquitination	0	1	1	1	1	0	0
P30876	T870	Phosphorylation	0	0	0	1	1	0	0
P30876	T872	Phosphorylation	0	0	0	1	1	0	0
P30876	K889	Ubiquitination	0	0	0	1	1	0	0
P30876	K917	Ubiquitination	0	1	0	1	1	0	0
P30876	C919	Methylation	0	0	0	1	0	0	0
P30876	K920	Ubiquitination	0	0	0	1	1	0	0
P30876	S925	Phosphorylation	0	0	1	0	0	0	0
P30876	K934	Acetylation	0	1	1	0	0	0	0
P30876	K934	SUMOylation	0	1	0	0	0	0	0
P30876	K934	Ubiquitination	0	1	1	1	1	0	0
P30876	S937	Phosphorylation	1	0	1	1	1	1	0
P30876	K942	SUMOylation	0	1	0	0	0	0	0
P30876	K942	Ubiquitination	0	1	0	1	1	0	0
P30876	C945	Methylation	0	0	0	1	0	0	0
P30876	K988	Ubiquitination	0	1	0	1	1	0	0
P30876	K993	Acetylation	0	0	1	0	0	0	0
P30876	K993	SUMOylation	0	1	0	1	1	0	0
P30876	K993	Ubiquitination	0	1	1	1	1	0	0
P30876	T1000	Phosphorylation	0	0	1	0	0	0	0
P30876	K1010	SUMOylation	0	1	0	0	0	0	0
P30876	K1010	Ubiquitination	0	1	1	1	1	0	0
P30876	S1012	Phosphorylation	0	0	1	1	1	1	0
P30876	S1016	Phosphorylation	0	0	1	1	1	1	0
P30876	Y1018	Phosphorylation	0	0	1	1	1	1	0
P30876	Y1020	Phosphorylation	0	0	1	1	1	0	0
P30876	R1023	Methylation	0	0	1	1	1	0	0
P30876	Y1029	Phosphorylation	0	0	1	0	0	0	0
P30876	T1033	Phosphorylation	0	0	1	0	0	0	0
P30876	K1036	SUMOylation	0	1	0	0	0	0	0
P30876	K1036	Ubiquitination	0	1	1	1	1	0	0
P30876	T1046	O-GlcNAcylation	0	0	1	1	0	1	0
P30876	K1052	Methylation	1	1	1	1	1	0	0
P30876	K1052	Ubiquitination	0	1	0	0	0	0	0
P30876	K1058	Acetylation	0	0	1	0	0	0	0
P30876	K1058	Ubiquitination	0	1	1	1	1	0	0
P30876	R1064	Methylation	0	0	1	1	1	0	0
P30876	S1079	Phosphorylation	0	0	1	0	0	0	0
P30876	C1093	Methylation	0	0	0	1	0	0	0
P30876	C1119	Methylation	0	0	0	1	0	0	0
P30876	K1143	Ubiquitination	0	1	1	1	1	0	0
P30876	T1144	Phosphorylation	0	0	1	0	0	0	0
P30876	S1147	Phosphorylation	0	0	1	1	1	1	0
P30876	C1155	Methylation	0	0	0	1	0	0	0
P30876	K1156	Ubiquitination	0	1	0	0	0	0	0
P30876	S1166	Phosphorylation	0	0	1	0	0	0	0
P36954	M1	Acetylation	1	0	1	1	0	0	0
P36954	Y7	Phosphorylation	0	0	1	0	0	0	0
P36954	K27	Ubiquitination	0	0	1	1	1	0	0
P36954	Y37	Phosphorylation	0	0	1	1	1	0	0
P36954	S51	Phosphorylation	0	0	1	1	1	0	0
P36954	Y54	Phosphorylation	0	0	1	1	1	0	0
P36954	T59	Phosphorylation	0	0	1	1	0	1	0
P36954	T66	Phosphorylation	0	0	1	1	0	1	0
P36954	S73	Phosphorylation	0	0	1	1	1	1	0
P36954	T77	Phosphorylation	0	0	1	0	0	0	0
P36954	T81	Phosphorylation	0	0	1	1	0	1	0
P36954	S101	Phosphorylation	0	0	1	0	0	0	0
P36954	Y111	Phosphorylation	0	0	1	0	0	0	0
P36954	Y112	Phosphorylation	0	0	1	0	0	0	0
P36954	T115	Phosphorylation	0	0	1	0	0	0	0
P52434	A2	Acetylation	1	0	1	1	0	0	0
P52434	K13	SUMOylation	0	1	0	1	1	0	0
P52434	K13	Ubiquitination	0	0	1	1	1	0	0
P52434	K20	Acetylation	0	1	1	0	1	0	0
P52434	K20	SUMOylation	0	1	0	0	0	0	0
P52434	K20	Ubiquitination	0	1	1	1	1	0	0
P52434	K21	Ubiquitination	0	1	1	1	1	0	0
P52434	C30	Methylation	0	0	0	1	0	0	0
P52434	K36	Acetylation	0	0	0	1	1	0	0
P52434	K59	Ubiquitination	0	0	1	0	0	0	0
P52434	Y65	Phosphorylation	0	0	0	1	1	0	0
P52434	Y75	Phosphorylation	0	0	1	1	1	0	0
P52434	T78	Phosphorylation	0	0	0	1	1	0	0
P52434	K82	Ubiquitination	0	0	1	0	0	0	0
P52434	K83	Ubiquitination	0	0	1	0	0	0	0
P52434	Y90	Phosphorylation	0	0	0	1	1	0	0
P52434	M92	Sulfoxidation	0	0	1	0	0	0	0
P52434	K95	Ubiquitination	0	1	1	1	1	0	0
P52434	T104	Phosphorylation	0	0	1	1	1	0	0
P52434	S105	Phosphorylation	0	0	1	0	0	0	0
P52434	K110	Ubiquitination	0	0	1	0	0	0	0
P52434	K111	Ubiquitination	0	0	1	0	0	0	0
P52434	K118	Ubiquitination	0	0	1	0	0	0	0
P52434	Y118	Phosphorylation	0	0	0	1	1	0	0
P52434	K119	Ubiquitination	0	0	1	0	0	0	0
P52434	Y142	Phosphorylation	0	0	1	1	1	0	0
P52434	K146	Ubiquitination	0	1	1	1	1	0	0
P52434	K147	Ubiquitination	0	0	1	1	1	0	0
P52435	M1	Acetylation	1	0	0	0	0	0	0
P52435	S9	Phosphorylation	0	0	1	0	0	0	0
P52435	K17	Ubiquitination	0	1	0	0	0	0	0
P52435	K22	Ubiquitination	0	0	1	0	0	0	0
P52435	K23	Ubiquitination	0	1	1	1	0	0	0
P52435	K25	Ubiquitination	0	0	1	0	0	0	0
P52435	K26	SUMOylation	0	1	0	0	0	0	0
P52435	K26	Ubiquitination	0	1	1	1	1	0	0
P52435	K32	Ubiquitination	0	0	1	0	0	0	0
P52435	K37	Acetylation	0	0	1	0	0	0	0
P52435	K37	Ubiquitination	0	1	1	1	1	0	0
P52435	T41	Phosphorylation	0	0	0	1	1	0	0
P52435	K46	Ubiquitination	0	0	1	0	0	0	0
P52435	K47	SUMOylation	0	1	0	0	0	0	0
P52435	K47	Ubiquitination	0	1	1	1	0	0	0
P52435	K51	Ubiquitination	0	0	1	0	0	0	0
P52435	K52	Ubiquitination	0	1	1	1	0	0	0
P52435	K61	Ubiquitination	0	0	1	0	0	0	0
P52435	Y61	Phosphorylation	0	0	0	1	0	0	0
P52435	K62	Acetylation	0	0	1	0	0	0	0
P52435	K62	SUMOylation	0	1	0	0	0	0	0
P52435	K62	Ubiquitination	0	1	1	1	0	0	0
P52435	K70	Acetylation	0	0	1	0	0	0	0
P52435	K70	Ubiquitination	0	1	0	1	0	0	0
P52435	S99	Phosphorylation	0	0	1	0	0	0	0
P52435	K109	Ubiquitination	0	0	1	0	0	0	0
P52435	K110	Ubiquitination	0	1	1	1	1	0	0
P52435	K112	SUMOylation	0	1	0	0	0	0	0
P53803	M1	Acetylation	0	0	0	1	0	0	0
P53803	K5	Ubiquitination	0	1	0	1	1	0	0
P53803	C22	Methylation	0	0	0	1	0	0	0
P61218	S2	Acetylation	1	0	1	1	0	0	0
P61218	S2	Phosphorylation	1	0	1	1	1	1	0
P61218	S41	Phosphorylation	0	0	1	1	1	0	0
P61218	T54	Phosphorylation	0	0	1	0	0	0	0
P61218	K59	Ubiquitination	0	1	1	1	1	0	0
P61218	K101	Ubiquitination	0	1	1	1	1	0	0
P62487	Y3	Phosphorylation	0	0	1	1	1	0	0
P62487	S6	Phosphorylation	0	0	1	1	1	0	0
P62487	Y17	Phosphorylation	0	0	1	1	1	0	0
P62487	K27	Ubiquitination	0	1	1	1	1	0	0
P62487	K29	Acetylation	0	0	1	0	0	0	0
P62487	K29	SUMOylation	0	1	0	0	0	0	0
P62487	K29	Ubiquitination	0	1	1	1	1	0	0
P62487	C38	Methylation	0	0	0	1	0	0	0
P62487	K71	Ubiquitination	0	1	1	1	1	0	0
P62487	K73	SUMOylation	0	1	0	0	0	0	0
P62487	K73	Ubiquitination	0	1	1	0	0	0	0
P62487	K81	Acetylation	0	0	1	0	0	0	0
P62487	K81	SUMOylation	0	1	0	0	0	0	0
P62487	K81	Ubiquitination	0	1	1	1	1	0	0
P62487	K94	Ubiquitination	0	1	0	0	0	0	0
P62487	C106	Methylation	0	0	0	1	0	0	0
P62487	K129	SUMOylation	0	1	0	0	0	0	0
P62487	K129	Ubiquitination	0	1	1	1	1	0	0
P62487	M131	Sulfoxidation	0	0	1	0	0	0	0
P62487	K146	Ubiquitination	0	0	1	1	1	0	0
P62487	K154	Ubiquitination	0	1	1	1	1	0	0
P62875	C10	Methylation	0	0	0	1	0	0	0
P62875	K12	Ubiquitination	0	1	1	1	1	0	0
P62875	K17	Ubiquitination	0	1	1	1	1	0	0
P62875	K41	Ubiquitination	0	1	1	1	1	0	0
P62875	M48	Methylation	0	0	0	1	0	0	0
P62875	K58	Ubiquitination	0	1	1	1	1	0	0
P62875	Y62	Phosphorylation	0	0	1	1	1	0	0
P62875	K67	Ubiquitination	0	0	1	1	1	0	0
